x_0,x_1,x_10,x_11,x_12,x_13,x_14,x_2,x_3,x_4,x_5,x_6,x_7,x_8,x_9,chain_break_fraction,energy,num_occurrences
0,1,0,0,0,0,0,0,1,0,0,0,0,1,0,0.0,-4000026.188,12
0,0,0,0,0,0,0,0,0,0,1,0,0,1,0,0.0,-4000024.7169999997,6
1,1,0,0,0,0,0,0,1,0,0,0,1,0,0,0.0,-4000024.576,4
0,0,0,0,0,0,0,1,1,0,0,0,1,0,0,0.0,-4000024.368,9
0,1,0,0,1,0,0,0,0,0,0,0,0,0,0,0.0,-4000023.819,13
1,0,0,0,0,0,0,0,0,0,1,0,1,0,0,0.0,-4000023.1049999995,1
0,1,0,0,0,0,0,0,0,1,0,0,1,0,0,0.0,-4000021.0890000006,12
0,0,0,0,0,0,1,0,0,0,0,0,0,0,0,0.0,-4000020.898,14
1,1,0,1,0,0,0,0,0,0,0,0,0,0,0,0.0,-4000020.4869999997,8
0,0,0,1,0,0,0,1,0,0,0,0,0,0,0,0.0,-4000020.279,26
1,0,0,0,0,0,0,0,1,0,0,0,0,0,1,0.0,-4000018.117,10
1,0,0,0,0,1,0,0,0,0,0,0,0,0,0,0.0,-4000016.42,7
0,0,0,0,0,0,0,0,0,1,0,0,0,0,1,0.0,-4000014.6300000004,10
0,0,0,0,0,0,0,0,0,0,0,1,1,0,0,0.0,-4000012.024,16
0,0,1,0,0,0,0,0,1,0,0,0,0,0,0,0.0,-4000007.6220000004,17
0,1,0,0,0,0,0,0,0,0,1,0,0,1,0,0.0,-3000038.3149999995,3
0,1,0,0,0,0,0,1,1,0,0,0,1,0,0,0.0,-3000037.966,4
1,1,0,0,0,0,0,0,0,0,1,0,1,0,0,0.0,-3000036.7029999997,1
0,0,0,0,0,0,0,1,0,0,1,0,1,0,0,0.0,-3000036.495,3
0,1,0,0,0,0,1,0,0,0,0,0,0,0,0,0.0,-3000034.4960000003,3
0,1,0,1,0,0,0,1,0,0,0,0,0,0,0,0.0,-3000033.8770000003,5
0,1,0,0,0,0,0,0,1,0,0,0,1,1,0,0.0,-3000032.0810000002,3
1,1,0,0,0,0,0,0,1,0,0,0,0,0,1,0.0,-3000031.715,1
0,0,0,0,0,0,0,1,1,0,0,0,0,0,1,0.0,-3000031.507,7
0,0,0,0,0,0,0,0,0,0,1,0,1,1,0,0.0,-3000030.6099999994,2
1,0,0,0,0,0,0,0,0,0,1,0,0,0,1,0.0,-3000030.244,3
1,1,0,0,0,1,0,0,0,0,0,0,0,0,0,0.0,-3000030.018,2
0,0,0,0,0,1,0,1,0,0,0,0,0,0,0,0.0,-3000029.8100000005,10
0,0,0,0,0,0,0,0,1,0,1,0,0,1,0,0.0,-3000029.7569999993,2
0,1,0,0,1,0,0,0,0,0,0,0,1,0,0,0.0,-3000029.7120000003,3
0,1,0,0,1,0,0,0,1,0,0,0,0,0,0,0.0,-3000028.859,3
0,1,0,0,0,0,0,0,0,1,0,0,0,0,1,0.0,-3000028.228,1
0,1,0,1,0,0,0,0,0,0,0,0,0,1,0,0.0,-3000027.9919999996,7
0,0,0,0,1,0,0,0,0,0,1,0,0,0,0,0.0,-3000027.3880000003,5
0,0,0,0,0,0,1,0,0,0,0,0,1,0,0,0.0,-3000026.791,7
1,1,0,1,0,0,0,0,0,0,0,0,1,0,0,0.0,-3000026.38,4
1,1,0,0,0,0,0,0,1,0,0,0,0,1,0,0.0,-3000026.233,2
0,0,0,1,0,0,0,1,0,0,0,0,1,0,0,0.0,-3000026.1720000003,8
0,1,0,0,0,0,0,0,1,1,0,0,1,0,0,0.0,-3000026.1290000007,4
0,0,0,0,0,0,0,1,1,0,0,0,0,1,0,0.0,-3000026.025,9
0,0,0,0,0,0,1,0,1,0,0,0,0,0,0,0.0,-3000025.938,2
0,1,0,0,0,0,0,0,0,0,0,1,1,0,0,0.0,-3000025.6220000004,4
0,0,0,0,0,0,0,0,1,0,0,0,0,1,1,0.0,-3000025.622,1
1,1,0,1,0,0,0,0,1,0,0,0,0,0,0,0.0,-3000025.527,1
0,0,0,1,0,0,0,1,1,0,0,0,0,0,0,0.0,-3000025.319,7
1,0,0,0,0,0,0,0,0,0,1,0,0,1,0,0.0,-3000024.762,2
0,0,0,0,0,0,0,0,0,1,1,0,1,0,0,0.0,-3000024.658,1
0,1,0,0,0,0,0,0,1,0,0,0,1,0,0,0.0,-3000024.531,3
1,0,0,0,0,0,0,1,1,0,0,0,1,0,0,0.0,-3000024.4129999997,1
1,0,0,1,0,0,0,0,0,0,1,0,0,0,0,0.0,-3000024.056,3
1,0,0,0,0,0,0,0,1,0,0,0,1,0,1,0.0,-3000024.01,2
0,0,0,0,0,1,0,0,0,0,0,0,0,1,0,0.0,-3000023.925,4
1,1,0,0,1,0,0,0,0,0,0,0,0,0,0,0.0,-3000023.864,4
0,0,0,0,1,0,0,1,0,0,0,0,0,0,0,0.0,-3000023.6559999995,8
0,0,0,0,1,0,0,0,0,0,0,0,0,0,1,0.0,-3000023.2530000005,8
0,0,0,0,0,0,0,0,0,0,1,0,1,0,0,0.0,-3000023.0599999996,4
0,1,0,0,0,0,0,0,0,1,0,0,0,1,0,0.0,-3000022.7460000003,6
1,0,0,0,0,1,0,0,0,0,0,0,1,0,0,0.0,-3000022.313,3
0,1,0,1,0,0,0,0,0,1,0,0,0,0,0,0.0,-3000022.04,11
1,0,0,0,0,1,0,0,1,0,0,0,0,0,0,0.0,-3000021.46,5
0,1,1,0,0,0,0,0,1,0,0,0,0,0,0,0.0,-3000021.2200000007,6
0,1,0,0,0,0,0,0,0,0,0,0,0,1,0,0.0,-3000021.148,1
1,0,0,0,0,0,1,0,0,0,0,0,0,0,0,0.0,-3000020.943,1
0,0,0,0,0,0,0,1,0,1,0,0,1,0,0,0.0,-3000020.926,6
0,0,0,0,0,0,0,0,0,1,0,0,1,0,1,0.0,-3000020.523,3
0,1,0,1,0,0,0,0,0,0,0,0,0,0,0,0.0,-3000020.442,4
1,0,0,1,0,0,0,1,0,0,0,0,0,0,0,0.0,-3000020.324,7
1,0,0,1,0,0,0,0,0,0,0,0,0,0,1,0.0,-3000019.921,4
0,0,1,0,0,0,0,0,0,0,1,0,0,0,0,0.0,-3000019.749,2
0,0,0,0,0,0,0,0,1,1,0,0,0,0,1,0.0,-3000019.67,2
1,1,0,0,0,0,0,0,0,0,0,0,1,0,0,0.0,-3000019.536,1
0,0,0,0,0,0,0,1,0,0,0,0,1,0,0,0.0,-3000019.3279999997,5
0,0,0,0,0,0,0,0,0,0,0,1,0,0,1,0.0,-3000019.1630000006,5
1,1,0,0,0,0,0,0,1,0,0,0,0,0,0,0.0,-3000018.683,2
0,0,0,0,0,0,0,1,1,0,0,0,0,0,0,0.0,-3000018.475,5
0,0,0,0,0,0,0,0,1,0,0,0,0,0,1,0.0,-3000018.072,3
0,0,0,0,0,1,0,0,0,1,0,0,0,0,0,0.0,-3000017.973,1
1,0,0,0,0,0,0,0,0,0,1,0,0,0,0,0.0,-3000017.212,3
0,0,0,0,0,0,0,0,1,0,0,1,1,0,0,0.0,-3000017.0640000002,8
0,0,0,0,0,1,0,0,0,0,0,0,0,0,0,0.0,-3000016.375,5
0,1,0,0,0,0,0,0,0,1,0,0,0,0,0,0.0,-3000015.1960000005,6
1,0,0,0,0,0,0,0,0,1,0,0,0,0,1,0.0,-3000014.6750000007,4
0,0,0,0,0,0,0,0,0,0,0,1,0,1,0,0.0,-3000013.681,3
0,0,1,0,0,0,0,0,1,0,0,0,1,0,0,0.0,-3000013.5150000006,5
0,0,0,1,0,0,0,0,0,0,0,1,0,0,0,0.0,-3000012.9749999996,11
0,0,0,0,0,0,0,0,1,0,0,0,0,1,0,0.0,-3000012.59,4
1,0,0,0,0,0,0,0,0,0,0,1,1,0,0,0.0,-3000012.069,3
1,0,0,0,0,0,0,0,1,0,0,0,1,0,0,0.0,-3000010.978,2
0,0,0,0,1,0,0,0,0,0,0,0,0,0,0,0.0,-3000010.221,4
0,0,1,1,0,0,0,0,0,0,0,0,0,0,0,0.0,-3000009.426000001,12
1,0,1,0,0,0,0,0,1,0,0,0,0,0,0,0.0,-3000007.6670000004,3
0,0,0,0,0,0,0,0,0,1,0,0,1,0,0,0.0,-3000007.4910000004,7
1,0,0,1,0,0,0,0,0,0,0,0,0,0,0,0.0,-3000006.889,1
0,0,0,0,0,0,0,0,0,0,0,1,0,0,0,0.0,-3000006.131,8
0,0,1,0,0,0,0,0,0,1,0,0,0,0,0,0.0,-3000004.1800000006,9
0,0,1,0,0,0,0,0,0,0,0,0,0,0,0,0.0,-3000002.5820000004,5
1,1,0,1,0,0,0,0,0,0,0,1,0,0,0,0.06666666666666667,-1000026.6179999998,3
1,1,0,0,0,0,0,0,1,0,1,0,1,0,0,0.0,-2000041.7429999998,1
0,1,0,0,0,0,1,0,0,0,0,0,1,0,0,0.0,-2000040.3890000004,2
0,1,0,1,0,0,0,1,0,0,0,0,1,0,0,0.0,-2000039.7700000005,3
0,1,0,0,0,0,1,0,1,0,0,0,0,0,0,0.0,-2000039.5360000003,1
0,1,0,0,0,0,0,0,1,0,0,0,0,1,1,0.0,-2000039.2199999997,1
0,1,0,1,0,0,0,1,1,0,0,0,0,0,0,0.0,-2000038.9170000004,3
1,1,0,0,0,0,0,0,0,0,1,0,0,1,0,0.0,-2000038.3600000003,2
0,0,0,0,0,0,0,1,0,0,1,0,0,1,0,0.0,-2000038.1519999998,2
0,1,0,0,0,1,0,0,0,0,0,0,0,1,0,0.0,-2000037.523,1
0,0,0,1,0,0,0,1,0,0,1,0,0,0,0,0.0,-2000037.4460000005,2
0,0,0,0,0,0,0,1,1,0,0,0,1,0,1,0.0,-2000037.4000000004,1
0,1,0,0,1,0,0,1,0,0,0,0,0,0,0,0.0,-2000037.2539999997,2
0,1,0,0,1,0,0,0,0,0,0,0,0,0,1,0.0,-2000036.8510000007,2
1,1,0,0,0,1,0,0,0,0,0,0,1,0,0,0.0,-2000035.9110000003,1
0,0,0,0,0,1,0,1,0,0,0,0,1,0,0,0.0,-2000035.7030000007,1
0,0,0,0,0,0,0,0,1,0,1,0,1,1,0,0.0,-2000035.6499999994,1
1,1,0,0,0,1,0,0,1,0,0,0,0,0,0,0.0,-2000035.0580000002,1
0,0,0,0,0,1,0,1,1,0,0,0,0,0,0,0.0,-2000034.8500000006,1
0,1,0,0,0,0,0,1,0,1,0,0,1,0,0,0.0,-2000034.524,3
0,0,0,0,0,0,1,1,0,0,0,0,0,0,0,0.0,-2000034.3330000006,1
0,1,0,0,0,0,0,0,0,1,0,0,1,0,1,0.0,-2000034.1210000003,4
0,0,0,0,0,0,1,0,0,0,0,0,0,0,1,0.0,-2000033.9299999997,1
1,1,0,1,0,0,0,1,0,0,0,0,0,0,0,0.0,-2000033.9220000003,1
1,0,0,0,0,1,0,0,0,0,1,0,0,0,0,0.0,-2000033.5869999994,1
0,0,0,1,0,0,0,1,0,0,0,0,0,0,1,0.0,-2000033.3110000002,2
0,0,0,0,1,0,0,0,0,0,1,0,1,0,0,0.0,-2000033.2810000004,4
0,1,0,0,0,0,0,0,1,1,0,0,0,0,1,0.0,-2000033.2680000002,2
0,1,0,1,0,0,0,0,1,0,0,0,0,1,0,0.0,-2000033.0319999997,1
1,1,0,0,0,0,0,0,1,0,0,0,1,1,0,0.0,-2000032.1259999997,1
0,1,0,0,0,0,0,1,1,0,0,0,0,0,0,0.0,-2000032.0729999999,1
0,0,0,0,0,0,0,1,1,0,0,0,1,1,0,0.0,-2000031.9179999996,2
0,0,0,0,0,0,1,0,1,0,0,0,1,0,0,0.0,-2000031.8310000002,2
0,0,0,0,0,0,0,0,0,1,1,0,0,0,1,0.0,-2000031.7970000003,4
0,1,0,0,0,1,0,0,0,1,0,0,0,0,0,0.0,-2000031.5710000005,2
0,0,0,1,0,0,0,0,0,0,1,0,0,1,0,0.0,-2000031.5609999998,4
1,0,0,0,0,0,0,1,1,0,0,0,0,0,1,0.0,-2000031.5520000001,3
1,1,0,1,0,0,0,0,1,0,0,0,1,0,0,0.0,-2000031.42,2
0,0,0,1,0,0,0,1,1,0,0,0,1,0,0,0.0,-2000031.2120000003,3
1,1,0,0,0,0,0,0,0,0,1,0,0,0,0,0.0,-2000030.8099999996,1
0,1,0,1,1,0,0,0,0,0,0,0,0,0,0,0.0,-2000030.6629999995,5
1,0,0,0,0,0,0,0,0,0,1,0,1,1,0,0.0,-2000030.6550000003,1
0,0,0,0,0,0,0,1,0,0,1,0,0,0,0,0.0,-2000030.602,3
0,0,0,0,0,0,0,0,0,0,1,0,0,0,1,0.0,-2000030.199,1
0,1,0,0,0,1,0,0,0,0,0,0,0,0,0,0.0,-2000029.9730000002,1
1,0,0,1,0,0,0,0,0,0,1,0,1,0,0,0.0,-2000029.949,1
1,0,0,0,0,1,0,1,0,0,0,0,0,0,0,0.0,-2000029.8550000004,1
0,0,0,0,1,0,0,1,0,0,0,0,1,0,0,0.0,-2000029.5489999996,2
0,0,0,0,0,0,0,0,0,0,1,1,1,0,0,0.0,-2000029.1910000003,1
0,0,0,0,0,1,0,0,1,0,0,0,0,1,0,0.0,-2000028.9649999999,2
1,1,0,0,1,0,0,0,1,0,0,0,0,0,0,0.0,-2000028.904,1
0,0,0,0,1,0,0,1,1,0,0,0,0,0,0,0.0,-2000028.6959999995,2
0,1,0,0,0,0,0,0,0,1,0,0,1,1,0,0.0,-2000028.6390000004,1
0,0,0,0,0,0,1,0,0,0,0,0,0,1,0,0.0,-2000028.4479999999,2
0,0,0,0,0,0,0,1,0,1,0,0,0,0,1,0.0,-2000028.0650000004,3
0,1,0,1,0,0,0,0,0,1,0,0,1,0,0,0.0,-2000027.9330000002,4
0,0,0,1,0,0,0,1,0,0,0,0,0,1,0,0.0,-2000027.829,3
0,1,0,0,0,0,0,0,1,1,0,0,0,1,0,0.0,-2000027.7860000003,3
1,0,0,0,0,1,0,0,1,0,0,0,1,0,0,0.0,-2000027.3530000001,1
0,1,0,0,0,0,0,0,0,0,0,1,0,1,0,0.0,-2000027.279,2
0,1,1,0,0,0,0,0,1,0,0,0,1,0,0,0.0,-2000027.1130000008,1
0,0,0,0,1,1,0,0,0,0,0,0,0,0,0,0.0,-2000026.596,1
0,1,0,1,0,0,0,0,0,0,0,1,0,0,0,0.0,-2000026.5729999999,1
0,0,0,0,0,0,0,1,0,0,0,0,0,0,1,0.0,-2000026.4670000002,1
0,1,0,1,0,0,0,0,0,0,0,0,1,0,0,0.0,-2000026.335,4
0,0,0,0,0,0,0,0,0,1,1,0,0,1,0,0.0,-2000026.315,1
0,0,0,0,0,0,0,1,1,1,0,0,1,0,0,0.0,-2000025.966,1
1,0,0,0,0,0,0,0,1,0,0,0,0,1,1,0.0,-2000025.667,2
0,0,1,0,0,0,0,0,0,0,1,0,1,0,0,0.0,-2000025.642,3
0,0,0,0,0,0,0,0,1,1,0,0,1,0,1,0.0,-2000025.563,1
0,1,0,1,0,0,0,0,1,0,0,0,0,0,0,0.0,-2000025.4819999998,1
0,0,0,0,0,0,0,1,0,0,0,1,1,0,0,0.0,-2000025.4589999996,1
0,1,0,0,1,0,0,0,0,1,0,0,0,0,0,0.0,-2000025.4170000001,4
0,0,0,0,0,0,0,0,0,0,0,1,1,0,1,0.0,-2000025.0560000008,1
1,0,0,1,0,0,0,0,1,0,0,0,0,0,1,0.0,-2000024.9610000001,1
1,0,0,0,0,0,0,0,0,1,1,0,1,0,0,0.0,-2000024.703,1
0,0,0,0,0,0,0,0,1,0,0,1,0,0,1,0.0,-2000024.2030000007,2
1,0,0,0,0,1,0,0,0,0,0,0,0,1,0,0.0,-2000023.9699999997,1
1,0,0,0,1,0,0,0,0,0,0,0,0,0,1,0.0,-2000023.2980000004,1
1,0,0,1,0,1,0,0,0,0,0,0,0,0,0,0.0,-2000023.2640000004,2
0,1,1,1,0,0,0,0,0,0,0,0,0,0,0,0.0,-2000023.0240000011,3
0,0,0,0,0,1,0,0,0,0,0,1,0,0,0,0.0,-2000022.506,2
0,0,0,0,0,0,1,0,0,1,0,0,0,0,0,0.0,-2000022.4960000003,1
0,0,0,0,0,1,0,0,0,0,0,0,1,0,0,0.0,-2000022.2680000002,5
0,0,0,0,0,0,0,0,0,1,0,0,0,1,1,0.0,-2000022.1800000002,2
1,1,0,1,0,0,0,0,0,1,0,0,0,0,0,0.0,-2000022.0850000002,1
0,0,0,1,0,0,0,1,0,1,0,0,0,0,0,0.0,-2000021.8770000003,3
0,0,0,1,0,0,0,0,0,1,0,0,0,0,1,0.0,-2000021.4740000004,3
1,1,1,0,0,0,0,0,1,0,0,0,0,0,0,0.0,-2000021.2650000006,1
1,1,0,0,0,0,0,0,0,0,0,0,0,1,0,0.0,-2000021.1929999997,1
0,0,1,0,0,0,0,1,1,0,0,0,0,0,0,0.0,-2000021.057000001,5
0,0,0,0,0,0,0,1,0,0,0,0,0,1,0,0.0,-2000020.9849999999,1
0,0,1,0,0,0,0,0,1,0,0,0,0,0,1,0.0,-2000020.654,1
0,0,0,0,0,0,0,0,0,0,0,0,0,1,1,0.0,-2000020.582,2
1,0,0,0,0,0,0,0,0,1,0,0,1,0,1,0.0,-2000020.568000001,3
0,1,0,0,0,0,0,0,1,1,0,0,0,0,0,0.0,-2000020.2360000005,1
0,0,0,1,0,0,0,0,0,0,0,0,0,0,1,0.0,-2000019.8760000002,2
1,0,1,0,0,0,0,0,0,0,1,0,0,0,0,0.0,-2000019.7939999998,1
0,1,0,0,0,0,0,0,0,0,0,1,0,0,0,0.0,-2000019.7290000003,2
1,0,0,0,0,0,0,0,1,1,0,0,0,0,1,0.0,-2000019.7150000008,1
0,0,0,0,0,0,0,0,0,0,0,1,1,1,0,0.0,-2000019.574,2
0,1,0,0,0,0,0,0,0,0,0,0,1,0,0,0.0,-2000019.491,1
1,0,0,0,0,0,0,0,0,0,0,1,0,0,1,0.0,-2000019.2080000006,2
1,0,0,0,0,0,0,0,0,0,0,0,1,0,1,0.0,-2000018.9699999997,1
0,0,1,0,0,1,0,0,0,0,0,0,0,0,0,0.0,-2000018.9570000004,2
0,0,0,1,0,0,0,0,0,0,0,1,1,0,0,0.0,-2000018.8679999998,3
0,0,0,0,0,0,0,0,0,1,1,0,0,0,0,0.0,-2000018.7650000001,1
0,0,0,0,0,0,0,0,1,0,0,1,0,1,0,0.0,-2000018.721,2
0,1,0,0,0,0,0,0,1,0,0,0,0,0,0,0.0,-2000018.638,3
1,0,0,0,0,1,0,0,0,1,0,0,0,0,0,0.0,-2000018.0180000002,2
0,1,1,0,0,0,0,0,0,1,0,0,0,0,0,0.0,-2000017.7780000009,2
0,0,0,0,0,0,0,0,0,0,1,0,0,0,0,0.0,-2000017.167,2
0,1,1,0,0,0,0,0,0,0,0,0,0,0,0,0.0,-2000016.1800000006,3
0,0,0,0,1,0,0,0,0,0,0,0,1,0,0,0.0,-2000016.114,2
0,0,1,0,0,0,0,0,1,0,0,0,0,1,0,0.0,-2000015.1720000003,3
0,0,0,0,0,0,0,1,0,1,0,0,0,0,0,0.0,-2000015.0330000003,4
0,0,1,1,0,0,0,0,1,0,0,0,0,0,0,0.0,-2000014.466000001,1
0,0,0,1,0,0,0,0,0,0,0,0,0,1,0,0.0,-2000014.3939999999,1
0,0,0,0,0,0,0,0,0,1,0,1,1,0,0,0.0,-2000013.6220000002,2
0,0,0,0,0,0,0,1,0,0,0,0,0,0,0,0.0,-2000013.435,1
1,0,0,1,0,0,0,0,0,0,0,1,0,0,0,0.0,-2000013.0199999996,3
0,0,1,0,1,0,0,0,0,0,0,0,0,0,0,0.0,-2000012.8030000003,2
1,0,0,1,0,0,0,0,0,0,0,0,1,0,0,0.0,-2000012.7819999997,1
0,0,0,0,0,0,0,0,1,1,0,0,1,0,0,0.0,-2000012.5310000004,2
1,0,0,1,0,0,0,0,1,0,0,0,0,0,0,0.0,-2000011.929,1
0,0,0,0,0,0,0,0,1,0,0,1,0,0,0,0.0,-2000011.171,4
0,0,0,0,0,0,0,0,1,0,0,0,1,0,0,0.0,-2000010.933,1
1,0,0,0,1,0,0,0,0,0,0,0,0,0,0,0.0,-2000010.2659999998,1
1,0,1,1,0,0,0,0,0,0,0,0,0,0,0,0.0,-2000009.4710000008,3
0,0,0,0,0,0,0,0,0,1,0,0,0,1,0,0.0,-2000009.148,1
0,0,1,0,0,0,0,0,0,0,0,1,0,0,0,0.0,-2000008.7130000005,1
0,0,1,0,0,0,0,0,0,0,0,0,1,0,0,0.0,-2000008.4750000006,3
0,0,0,1,0,0,0,0,0,1,0,0,0,0,0,0.0,-2000008.4420000003,2
0,0,0,0,0,0,0,0,0,0,0,0,0,1,0,0.0,-2000007.5499999998,2
1,0,0,0,0,0,0,0,0,1,0,0,1,0,0,0.0,-2000007.536,1
0,0,0,1,0,0,0,0,0,0,0,0,0,0,0,0.0,-2000006.844,3
1,0,0,0,0,0,0,0,0,0,0,1,0,0,0,0.0,-2000006.176,2
1,0,0,0,0,0,0,0,0,0,0,0,1,0,0,0.0,-2000005.9379999998,1
1,0,0,0,0,0,0,0,1,0,0,0,0,0,0,0.0,-2000005.085,1
1,0,1,0,0,0,0,0,0,0,0,0,0,0,0,0.0,-2000002.6270000003,3
0,0,0,0,0,0,0,0,0,1,0,0,0,0,0,0.0,-2000001.5980000002,1
0,1,0,0,1,0,0,0,0,0,0,1,0,0,0,0.06666666666666667,-1000029.9500000002,3
0,1,0,0,0,0,0,0,0,0,0,1,1,0,0,0.06666666666666667,-3000025.6220000004,1
0,0,0,0,0,0,0,1,0,0,0,1,1,0,0,0.06666666666666667,-2000025.4589999996,2
1,0,0,1,0,0,0,0,0,0,0,1,0,0,0,0.06666666666666667,-2000013.0199999996,3
0,0,0,1,0,0,0,1,0,0,0,1,0,0,0,0.06666666666666667,-1000026.4099999997,1
0,1,0,0,1,0,0,0,0,0,1,0,1,0,0,0.0,-1000046.8790000007,1
0,1,0,1,0,0,0,0,0,0,1,0,0,1,0,0.0,-1000045.159,1
0,0,0,0,0,0,1,0,0,0,1,0,1,0,0,0.0,-1000043.9579999996,1
0,0,0,0,0,0,0,1,1,0,1,0,0,1,0,0.0,-1000043.1919999998,1
0,1,0,0,1,0,0,1,0,0,0,0,1,0,0,0.0,-1000043.1469999999,1
0,1,0,0,1,0,0,1,1,0,0,0,0,0,0,0.0,-1000042.2939999998,1
0,1,0,0,1,0,0,0,1,0,0,0,0,0,1,0.0,-1000041.8910000008,1
1,1,0,0,0,1,0,0,1,0,0,0,1,0,0,0.0,-1000040.9510000004,1
0,0,0,0,0,1,0,1,1,0,0,0,1,0,0,0.0,-1000040.7430000007,1
1,1,0,1,0,0,0,1,0,0,0,0,1,0,0,0.0,-1000039.8150000004,1
0,0,0,0,0,0,1,1,1,0,0,0,0,0,0,0.0,-1000039.3730000006,1
1,1,0,0,0,0,0,0,1,0,0,0,0,1,1,0.0,-1000039.2649999999,1
0,0,0,0,0,0,0,1,1,0,0,0,0,1,1,0.0,-1000039.057,1
1,1,0,1,0,0,0,1,1,0,0,0,0,0,0,0.0,-1000038.9620000003,1
1,1,0,0,0,1,0,0,0,0,0,0,0,1,0,0.0,-1000037.568,1
0,1,0,0,0,0,0,0,1,0,0,0,1,0,1,0.0,-1000037.5629999998,1
0,0,0,0,0,1,1,0,0,0,0,0,0,0,0,0.0,-1000037.273,1
0,0,0,0,1,0,0,1,0,0,0,0,0,0,1,0.0,-1000036.6879999992,1
0,1,0,0,0,0,1,0,0,1,0,0,0,0,0,0.0,-1000036.0940000005,1
0,0,0,0,0,0,0,0,0,0,1,0,1,0,1,0.0,-1000036.0920000002,1
0,1,0,0,0,1,0,0,1,0,0,0,0,0,0,0.0,-1000035.0130000003,1
0,1,0,1,0,0,0,0,0,0,0,0,0,0,1,0.0,-1000033.4740000004,2
1,1,0,0,0,0,0,0,1,1,0,0,0,0,1,0.0,-1000033.313000001,1
0,1,0,0,0,0,0,0,0,0,0,1,1,1,0,0.0,-1000033.1720000003,2
0,0,0,1,0,0,0,1,1,0,0,0,0,1,0,0.0,-1000032.869,3
0,0,0,0,0,0,0,1,0,0,0,0,1,0,1,0.0,-1000032.3600000003,1
0,1,0,0,0,0,0,0,1,0,0,1,0,1,0,0.0,-1000032.3190000001,1
0,0,0,0,0,0,0,0,0,1,1,0,1,1,0,0.0,-1000032.2079999996,1
1,0,0,0,0,0,1,0,1,0,0,0,1,0,0,0.0,-1000031.8760000002,1
1,0,0,0,0,0,0,0,0,1,1,0,0,0,1,0.0,-1000031.8420000002,1
1,0,0,1,0,0,0,0,0,0,1,0,0,1,0,0.0,-1000031.6059999997,1
1,1,0,1,1,0,0,0,0,0,0,0,0,0,0,0.0,-1000030.7079999994,1
0,0,0,1,1,0,0,1,0,0,0,0,0,0,0,0.0,-1000030.5,1
0,0,0,0,0,0,0,1,1,0,0,1,1,0,0,0.0,-1000030.4989999998,1
0,0,0,1,0,0,0,0,0,0,1,0,1,0,0,0.0,-1000029.9040000001,2
0,1,0,1,0,0,0,0,0,1,0,0,0,1,0,0.0,-1000029.5900000001,3
0,0,0,0,0,1,0,0,0,0,0,0,0,0,1,0.0,-1000029.4069999997,1
0,1,1,0,0,0,0,0,1,0,0,0,0,1,0,0.0,-1000028.7700000003,3
0,0,0,0,0,1,0,0,0,0,0,1,1,0,0,0.0,-1000028.3990000002,2
0,0,0,0,0,0,1,0,0,1,0,0,1,0,0,0.0,-1000028.3890000004,1
1,0,0,0,1,0,0,0,1,0,0,0,0,0,1,0.0,-1000028.3380000005,1
0,1,1,1,0,0,0,0,1,0,0,0,0,0,0,0.0,-1000028.0640000012,2
0,0,0,1,0,0,0,1,0,1,0,0,1,0,0,0.0,-1000027.7700000005,1
0,0,0,0,0,0,0,0,1,1,0,0,0,1,1,0.0,-1000027.2200000002,2
0,1,0,0,0,0,0,1,0,0,0,0,0,0,0,0.0,-1000027.0329999998,2
0,0,0,0,0,0,1,0,0,0,0,1,0,0,0,0.0,-1000027.0290000001,2
0,0,1,0,0,0,0,1,1,0,0,0,1,0,0,0.0,-1000026.9500000009,1
0,0,0,0,0,0,0,1,0,0,0,0,1,1,0,0.0,-1000026.8779999996,1
0,0,0,0,0,0,0,0,0,0,0,1,0,1,1,0.0,-1000026.7129999995,1
0,0,0,1,0,0,0,1,0,0,0,1,0,0,0,0.0,-1000026.4099999997,1
0,1,1,0,1,0,0,0,0,0,0,0,0,0,0,0.0,-1000026.4010000005,1
0,0,0,1,0,0,0,0,0,0,0,1,0,0,1,0.0,-1000026.0070000011,2
1,0,1,0,0,0,0,0,0,0,1,0,1,0,0,0.0,-1000025.6869999999,1
0,0,0,0,0,1,0,0,0,1,0,0,0,1,0,0.0,-1000025.523,2
1,0,0,0,0,0,0,0,0,0,0,1,1,0,1,0.0,-1000025.1010000007,1
0,0,0,1,0,0,0,0,1,0,0,0,0,0,1,0.0,-1000024.9160000002,2
0,1,0,0,0,0,0,0,1,0,0,1,0,0,0,0.0,-1000024.7690000003,1
0,0,1,0,0,1,0,0,1,0,0,0,0,0,0,0.0,-1000023.9970000004,1
0,0,1,0,0,0,1,0,0,0,0,0,0,0,0,0.0,-1000023.4800000004,2
0,0,0,1,0,1,0,0,0,0,0,0,0,0,0,0.0,-1000023.2190000005,1
1,1,1,1,0,0,0,0,0,0,0,0,0,0,0,0.0,-1000023.0690000011,2
0,1,1,0,0,0,0,0,1,1,0,0,0,0,0,0.0,-1000022.8180000009,1
1,0,0,0,0,1,0,0,0,0,0,1,0,0,0,0.0,-1000022.551,1
0,0,0,0,1,0,0,0,0,0,0,1,1,0,0,0.0,-1000022.2450000001,2
1,0,0,1,0,0,0,0,0,1,0,0,0,0,1,0.0,-1000021.5190000003,1
0,0,0,0,0,0,0,0,0,1,0,1,0,0,1,0.0,-1000020.7610000009,1
0,0,0,1,0,0,0,0,0,0,0,1,0,1,0,0.0,-1000020.5250000004,1
1,1,0,0,0,0,0,0,0,0,0,1,0,0,0,0.0,-1000019.7740000002,2
1,0,1,0,0,1,0,0,0,0,0,0,0,0,0,0.0,-1000019.0020000003,1
0,0,0,0,0,0,0,0,0,0,0,0,1,0,1,0.0,-1000018.9249999998,2
0,0,1,0,0,0,0,0,0,1,0,0,0,0,1,0.0,-1000017.2120000003,3
0,0,0,1,1,0,0,0,0,0,0,0,0,0,0,0.0,-1000017.0649999995,1
0,0,1,0,0,0,0,1,0,0,0,0,0,0,0,0.0,-1000016.0170000009,1
0,0,1,0,0,0,0,0,0,0,0,0,0,0,1,0.0,-1000015.6140000001,1
0,0,1,0,0,0,0,0,1,1,0,0,1,0,0,0.0,-1000015.1130000008,1
0,0,0,0,0,0,0,0,0,1,0,0,1,1,0,0.0,-1000015.0410000002,1
1,0,0,1,0,0,0,0,0,0,0,0,0,1,0,0.0,-1000014.4389999998,1
0,0,0,1,0,0,0,0,0,1,0,0,1,0,0,0.0,-1000014.335,1
0,0,0,0,0,0,0,0,1,1,0,0,0,1,0,0.0,-1000014.1880000001,1
0,0,1,0,0,0,0,0,1,0,0,1,0,0,0,0.0,-1000013.7530000005,2
0,0,0,1,0,0,0,0,0,0,0,0,1,0,0,0.0,-1000012.7369999997,1
1,0,0,0,0,0,0,0,1,1,0,0,1,0,0,0.0,-1000012.5760000004,1
0,0,0,1,0,0,0,0,1,0,0,0,0,0,0,0.0,-1000011.8840000001,1
0,0,0,0,1,0,0,0,0,1,0,0,0,0,0,0.0,-1000011.8190000001,2
1,0,0,0,0,0,0,0,1,0,0,1,0,0,0,0.0,-1000011.216,1
1,0,0,1,0,0,0,0,0,1,0,0,0,0,0,0.0,-1000008.4870000002,1
0,0,0,0,0,0,0,0,1,1,0,0,0,0,0,0.0,-1000006.6380000003,1
1,0,0,0,0,0,0,0,0,1,0,0,0,0,0,0.0,-1000001.6430000002,1
1,0,0,0,0,0,0,0,0,0,0,0,0,0,1,0.06666666666666667,-3000013.077,1
0,0,1,0,0,0,1,0,1,0,0,0,0,0,0,0.06666666666666667,-28.520000000484288,2
0,1,0,0,1,0,0,0,0,0,0,1,1,0,0,0.06666666666666667,-35.843000000109896,2
1,0,0,0,0,0,0,0,1,0,0,1,0,0,1,0.06666666666666667,-1000024.2480000006,1
0,0,0,0,1,0,0,0,0,0,0,1,0,0,0,0.06666666666666667,-2000016.352,1
1,0,0,0,0,0,0,0,0,0,0,1,0,0,0,0.06666666666666667,-2000006.176,1
0,0,0,1,0,0,0,0,0,0,0,1,1,0,0,0.06666666666666667,-2000018.8679999998,1
1,0,0,1,0,0,0,0,0,0,0,1,0,0,1,0.06666666666666667,-26.052000001072884,1
0,1,0,0,1,0,0,0,0,0,0,0,0,0,1,0.06666666666666667,-2000036.8510000007,1
0,0,0,1,0,0,0,1,0,0,1,0,0,1,0,0.0,-44.99599999981001,1
1,0,0,1,0,0,0,1,0,0,1,0,1,0,0,0.0,-43.38400000031106,1
1,1,0,1,0,0,1,0,0,0,0,0,0,0,0,0.0,-41.385000000474975,1
0,0,0,0,1,1,0,1,0,0,0,0,0,0,0,0.0,-40.03099999995902,1
0,0,0,0,0,1,0,0,0,0,1,0,1,0,0,0.0,-39.43499999935739,1
1,0,0,0,0,1,1,0,0,0,0,0,0,0,0,0.0,-37.3179999999702,1
0,1,0,1,0,1,0,0,0,0,0,0,0,0,0,0.0,-36.81700000050478,1
0,0,0,0,0,0,0,0,0,0,1,1,1,1,0,0.0,-36.74099999922328,1
1,0,0,1,0,1,0,1,0,0,0,0,0,0,0,0.0,-36.699000000953674,1
0,1,0,0,0,0,0,0,1,0,1,0,0,0,0,0.0,-35.80499999970198,1
0,0,0,1,0,0,0,1,0,1,0,0,0,0,1,0.0,-34.90900000045076,1
0,0,0,0,0,1,0,0,1,0,0,0,0,0,1,0.0,-34.446999999694526,1
0,1,0,0,0,0,0,1,1,1,0,0,0,0,0,0.0,-33.67100000008941,1
1,1,0,1,0,0,0,0,0,0,0,1,1,0,0,0.0,-32.510999999707565,1
0,0,0,0,0,0,0,1,0,1,1,0,0,0,0,0.0,-32.200000000186265,1
0,0,0,0,0,0,0,0,1,0,0,1,0,1,1,0.0,-31.752999999560416,1
0,0,0,0,0,0,0,0,1,0,0,0,1,1,1,0.0,-31.514999999664724,1
0,0,0,0,0,1,0,0,0,0,0,1,0,1,0,0.0,-30.05599999986589,1
0,0,0,0,1,0,0,0,0,0,0,0,1,0,1,0.0,-29.1460000006482,1
0,0,1,0,0,0,1,0,1,0,0,0,0,0,0,0.0,-28.520000000484288,2
0,0,1,1,0,0,0,1,1,0,0,0,0,0,0,0.0,-27.901000001002103,1
0,0,0,0,0,0,0,0,0,1,0,1,1,0,1,0.0,-26.65400000079535,1
1,0,0,1,0,0,0,0,0,0,0,0,1,0,1,0.0,-25.81400000024587,1
0,1,1,1,0,0,0,0,0,1,0,0,0,0,0,0.0,-24.622000001138076,1
0,0,0,0,0,0,0,1,0,1,0,0,0,1,0,0.0,-22.583000000100583,1
0,0,1,0,0,0,0,0,1,1,0,0,0,0,1,0.0,-22.252000000327826,1
0,0,1,0,0,1,0,0,0,1,0,0,0,0,0,0.0,-20.5550000006333,1
1,0,1,0,0,0,0,0,0,0,0,0,0,0,1,0.0,-15.658999999985099,1
0,0,1,1,0,0,0,0,0,0,0,0,1,0,0,0.0,-15.319000001065433,1
1,0,0,1,0,0,0,0,0,1,0,0,1,0,0,0.0,-14.380000000121072,1
1,0,0,1,0,0,0,0,0,0,1,0,1,0,0,0.06666666666666667,-2000029.949,1
0,0,0,0,0,0,0,0,0,0,0,0,0,1,1,0.06666666666666667,-2000020.582,1
1,0,0,0,0,0,0,0,1,0,0,0,0,0,1,0.06666666666666667,-4000018.117,1
0,0,0,0,0,0,0,0,0,1,0,0,0,0,1,0.06666666666666667,-4000014.6300000004,1
0,0,1,0,0,0,0,0,0,0,0,0,1,0,0,0.06666666666666667,-2000008.4750000006,1
0,0,1,0,0,0,1,0,0,0,0,0,0,0,0,0.06666666666666667,-1000023.4800000004,1
1,1,0,0,1,0,0,0,0,0,0,1,1,0,0,0.06666666666666667,2999964.112,1
0,1,0,0,0,0,0,0,1,0,0,1,0,1,0,0.06666666666666667,-1000032.3190000001,1
0,0,0,0,1,0,0,0,0,0,0,1,0,0,1,0.06666666666666667,-29.38400000007823,1
1,0,0,0,0,1,0,0,0,0,0,1,0,0,0,0.06666666666666667,-1000022.551,1
0,1,0,1,0,0,0,0,0,0,0,1,1,0,0,0.06666666666666667,-1000032.466,1
1,1,0,1,0,0,0,0,0,0,0,1,0,0,1,0.06666666666666667,2999960.3499999987,1
0,0,0,0,0,0,0,0,1,0,0,1,1,0,1,0.06666666666666667,-1000030.0960000008,1
0,0,0,0,0,0,0,0,1,1,0,0,1,0,1,0.06666666666666667,-2000025.563,1
1,0,0,0,0,0,0,0,1,0,0,0,0,0,1,0.06666666666666667,-4000018.117,1
0,1,0,1,0,0,0,1,0,0,0,1,1,0,0,0.06666666666666667,2999954.0990000004,1
1,0,0,1,0,0,0,1,0,0,0,1,1,0,0,0.06666666666666667,2999967.6520000007,1
0,1,0,0,0,1,0,1,1,0,0,0,0,0,0,0.0,999951.5519999992,1
1,0,0,0,0,0,0,1,0,0,1,0,0,0,1,0.0,999956.321,1
0,0,0,0,0,1,0,0,0,1,1,0,0,0,0,0.0,999964.8599999994,1
0,0,0,1,0,0,0,0,0,0,1,1,0,0,0,0.0,999969.8580000009,1
0,0,0,0,0,0,0,0,0,1,0,0,1,1,1,0.0,999971.9270000001,1
1,0,0,0,0,0,0,0,0,1,1,0,0,1,0,0.0,999973.6400000001,2
0,0,1,1,0,0,0,0,0,0,0,0,0,0,1,0.0,999977.5419999999,1
0,0,1,0,0,0,0,0,1,0,0,0,1,1,0,0.0,999978.9349999998,1
0,0,1,0,1,0,0,0,0,0,0,0,1,0,0,0.0,999981.3039999995,1
0,0,0,0,0,0,0,0,0,1,0,1,0,1,0,0.0,999984.7209999999,1
1,0,1,0,0,0,0,0,1,1,0,0,0,0,0,0.0,999990.7349999994,1
0,1,0,1,0,0,0,0,0,0,0,0,0,1,0,0.06666666666666667,-3000027.9919999996,1
0,0,1,0,0,0,0,0,0,0,0,1,0,0,0,0.06666666666666667,-2000008.7130000005,1
0,0,0,1,0,0,0,1,0,0,0,0,0,0,1,0.06666666666666667,-2000033.3110000002,1
0,1,0,1,0,0,0,0,0,0,0,1,0,0,0,0.06666666666666667,-2000026.5729999999,1
0,0,0,0,1,0,0,1,0,0,0,1,1,0,0,0.06666666666666667,2999964.3200000003,1
0,1,0,0,0,0,0,0,1,1,0,0,0,1,1,0.06666666666666667,-40.8179999999702,1
1,0,0,0,0,0,0,0,1,1,0,0,0,0,1,0.06666666666666667,-2000019.7150000008,1
0,0,0,0,0,1,1,0,1,0,0,0,0,0,0,0.0,1999957.687,1
0,1,1,0,0,0,0,0,0,1,0,0,0,0,1,0.0,1999969.1899999997,1
1,0,0,1,0,0,0,1,0,1,0,0,1,0,0,0.0,1999972.1849999998,1
0,0,1,0,0,0,0,1,0,1,0,0,1,0,0,0.0,1999976.491999999,1
0,0,1,1,0,0,0,0,1,0,0,0,0,1,0,0.0,1999977.9839999997,1
1,1,0,0,1,0,0,0,0,0,0,1,0,0,1,0.06666666666666667,5999956.973,1
1,1,0,1,1,0,0,0,0,0,0,1,0,0,0,0.06666666666666667,5999963.160999999,1
0,0,0,0,0,1,0,0,1,1,0,0,0,0,0,0.06666666666666667,-23.01300000026822,1
0,0,0,0,1,0,0,0,0,1,0,0,1,0,1,0.06666666666666667,1999969.2559999994,1
0,0,1,0,0,0,0,0,0,1,0,0,0,0,0,0.13333333333333333,-3000004.1800000006,1
0,1,1,0,0,0,0,0,0,0,0,0,1,1,0,0.0,2999970.377,1
0,0,0,1,1,0,0,0,0,0,0,0,0,1,0,0.0,2999975.3850000002,1
0,0,0,0,0,1,0,0,0,0,0,0,0,0,1,0.06666666666666667,-1000029.4069999997,1
0,0,0,0,0,0,0,0,1,0,0,1,1,1,0,0.06666666666666667,-1000024.6140000001,1
0,1,0,1,0,0,0,0,0,0,0,0,0,1,1,0.06666666666666667,999958.976,1
1,1,0,0,0,0,0,1,0,0,0,0,0,0,0,0.06666666666666667,-27.07799999997951,1
0,0,0,1,0,0,0,1,0,0,0,0,0,1,0,0.06666666666666667,-2000027.829,1
0,1,0,0,1,0,0,0,0,1,0,1,0,0,0,0.06666666666666667,4999968.452,1
1,0,0,0,0,1,0,1,1,0,0,0,1,0,0,0.06666666666666667,-40.78800000064075,1
0,0,0,0,0,0,0,0,0,1,0,0,1,1,0,0.06666666666666667,-1000015.0410000002,1
1,1,0,1,0,0,0,0,0,0,0,0,0,1,0,0.06666666666666667,-2000028.0369999998,1
0,0,0,0,0,0,0,1,1,1,0,0,1,0,0,0.06666666666666667,-2000025.966,1
0,1,0,1,0,0,0,0,0,0,0,0,1,0,1,0.06666666666666667,1999960.6329999997,1
